-- phpMyAdmin SQL Dump
-- version 5.2.0
-- https://www.phpmyadmin.net/
--
-- Host: 127.0.0.1
-- Generation Time: Nov 28, 2022 at 10:18 AM
-- Server version: 10.4.24-MariaDB
-- PHP Version: 7.4.29

SET SQL_MODE = "NO_AUTO_VALUE_ON_ZERO";
START TRANSACTION;
SET time_zone = "+00:00";


/*!40101 SET @OLD_CHARACTER_SET_CLIENT=@@CHARACTER_SET_CLIENT */;
/*!40101 SET @OLD_CHARACTER_SET_RESULTS=@@CHARACTER_SET_RESULTS */;
/*!40101 SET @OLD_COLLATION_CONNECTION=@@COLLATION_CONNECTION */;
/*!40101 SET NAMES utf8mb4 */;

--
-- Database: `blog_admin_db`
--

-- --------------------------------------------------------

--
-- Table structure for table `banner_posts`
--

CREATE TABLE `banner_posts` (
  `id` int(10) UNSIGNED NOT NULL,
  `title` int(10) UNSIGNED NOT NULL,
  `status` varchar(40) NOT NULL
) ENGINE=InnoDB DEFAULT CHARSET=utf8;

--
-- Dumping data for table `banner_posts`
--

INSERT INTO `banner_posts` (`id`, `title`, `status`) VALUES
(1, 1, 'active');

-- --------------------------------------------------------

--
-- Table structure for table `blogs`
--

CREATE TABLE `blogs` (
  `id` int(10) UNSIGNED NOT NULL,
  `title` varchar(190) NOT NULL,
  `tags` varchar(40) NOT NULL,
  `content` text NOT NULL,
  `photo` varchar(50) NOT NULL,
  `posted` varchar(40) NOT NULL,
  `date` date DEFAULT NULL,
  `author` varchar(40) DEFAULT NULL,
  `category` varchar(40) NOT NULL
) ENGINE=InnoDB DEFAULT CHARSET=utf8;

--
-- Dumping data for table `blogs`
--

INSERT INTO `blogs` (`id`, `title`, `tags`, `content`, `photo`, `posted`, `date`, `author`, `category`) VALUES
(7, 'Information Security: Is it a good career for you?', 'tech', '<h2 style=\"box-sizing: inherit; margin: 3px 0px 8px; padding: 0px; font-family: \" ps=\"\" commons\";=\"\" line-height:=\"\" 1.4;=\"\" text-rendering:=\"\" optimizelegibility;=\"\" font-size:=\"\" 36px;=\"\" color:=\"\" rgb(34,=\"\" 34,=\"\" 34);=\"\" font-weight:=\"\" unset=\"\" !important;\"=\"\">What is information security?</h2><p style=\"box-sizing: inherit; margin-bottom: 20px; padding: 0px; font-family: \" ps=\"\" commons\";=\"\" font-size:=\"\" 17px;=\"\" line-height:=\"\" 1.6;=\"\" text-rendering:=\"\" optimizelegibility;\"=\"\">Information security, also known as InfoSec, is the practice of protecting sensitive business information from unauthorized access, use, disclosure, disruption, modification, or destruction. It is concerned with preserving the confidentiality, integrity, and availability of information, no matter what form it takes (even paper records in your company’s filing cabinet!)</p><h2 style=\"box-sizing: inherit; margin: 3px 0px 8px; padding: 0px; font-family: \" ps=\"\" commons\";=\"\" line-height:=\"\" 1.4;=\"\" text-rendering:=\"\" optimizelegibility;=\"\" font-size:=\"\" 36px;=\"\" color:=\"\" rgb(34,=\"\" 34,=\"\" 34);=\"\" font-weight:=\"\" unset=\"\" !important;\"=\"\">Is information security the same as cybersecurity?</h2><p style=\"box-sizing: inherit; margin-bottom: 20px; padding: 0px; font-family: \" ps=\"\" commons\";=\"\" font-size:=\"\" 17px;=\"\" line-height:=\"\" 1.6;=\"\" text-rendering:=\"\" optimizelegibility;\"=\"\">Information security is often confused with cybersecurity. While InfoSec falls under the umbrella of cybersecurity, it is specifically concerned with data security. Cybersecurity is a much broader field that encompasses things like the defense of computers, servers, and other devices from cyber attacks.&nbsp;</p><p style=\"box-sizing: inherit; margin-bottom: 20px; padding: 0px; font-family: \" ps=\"\" commons\";=\"\" font-size:=\"\" 17px;=\"\" line-height:=\"\" 1.6;=\"\" text-rendering:=\"\" optimizelegibility;\"=\"\"><span style=\"box-sizing: inherit;\">These fields often overlap due to sharing similar security practices, education pathways, and even&nbsp;</span><a href=\"https://www.pluralsight.com/blog/security-professional/how-to-get-into-cybersecurity\" target=\"_blank\" style=\"box-sizing: inherit; color: rgb(236, 0, 140); line-height: inherit; transition: all 0.3s ease 0s; word-break: break-word; font-family: \">career advice</a><span style=\"box-sizing: inherit;\">!</span></p>', '28740500_1669625988.jpg', 'publish', '2022-11-28', 'admin', '2'),
(8, 'GLA University Reviews on Placements, Faculty & Facilities', 'gla university', '<span class=\"rvw-heading\" style=\"margin: 0px 0px 4px; padding: 0px; border: 0px; font-weight: 600; font-size: 1rem; display: block; line-height: 1.6; color: rgb(0, 0, 0); font-family: arial;\">It is an enjoyable place. There are positive vibes for study everywhere on the campus.</span><p style=\"margin-bottom: 8px; padding: 0px; border: 0px; font-size: 14px; line-height: 1.6; color: rgb(0, 0, 0); font-family: arial;\"><span style=\"margin: 0px; padding: 0px; border: 0px; font-weight: 600; line-height: 1.6;\">Placements:&nbsp;</span><span class=\"desc-sp\" style=\"margin: 0px; padding: 0px; border: 0px; line-height: 1.6;\">About 95% of students got placed from our course. The lowest salary package offered here is 3 LPA, and the highest salary package offered is 24 LPA in on-campus placements. The highest salary package offered is 32 LPA in off-campus placements. Microsoft, Flipkart and Accenture are the top recruiters here. About 60% of students get internships in Amazon, HP and Microsoft. Cyber security, data architect, software developer and machine learning architect are top roles offered here.</span></p><p style=\"margin-bottom: 8px; padding: 0px; border: 0px; font-size: 14px; line-height: 1.6; color: rgb(0, 0, 0); font-family: arial;\"><span style=\"margin: 0px; padding: 0px; border: 0px; font-weight: 600; line-height: 1.6;\">Infrastructure:&nbsp;</span><span class=\"desc-sp\" style=\"margin: 0px; padding: 0px; border: 0px; line-height: 1.6;\">Wi-Fi is available all over the campus through Fortinet. Labs are available for chemistry, physics and English, and there are computer labs for other CSE core courses. Classrooms are big enough with air-conditioners and projectors. The library is available with air-conditioning facility and is clean and silent. The hostel has LAN wired internet connection in each room. There are single, double and triple sharing rooms. The quality of food in the mess is very good, and every day in a week has a different menu. There are 3 canteens with good and tasty food. The dispensary is available 24x7, and there is a medical shop. There are all facilities for sports like cricket, football, basketball, volleyball, target ball, badminton, etc., with their different grounds.</span></p><p style=\"margin-bottom: 8px; padding: 0px; border: 0px; font-size: 14px; line-height: 1.6; color: rgb(0, 0, 0); font-family: arial;\"><span style=\"margin: 0px; padding: 0px; border: 0px; font-weight: 600; line-height: 1.6;\">Faculty:&nbsp;</span><span class=\"desc-sp\" style=\"margin: 0px; padding: 0px; border: 0px; line-height: 1.6;\">Teachers here are well talented and have many years of experience. They are well qualified in their subject, and their teaching quality is good. Every teacher is friendly. The curriculum makes us ready to face interviews and other contests. Exams have all types of questions and are easy to hard. Every question is logically solved. The passing percentage is 70%.</span></p><p style=\"margin-bottom: 8px; padding: 0px; border: 0px; font-size: 14px; line-height: 1.6; color: rgb(0, 0, 0); font-family: arial;\"><span style=\"margin: 0px; padding: 0px; border: 0px; font-weight: 600; line-height: 1.6;\">Other:&nbsp;</span><span class=\"desc-sp\" style=\"margin: 0px; padding: 0px; border: 0px; line-height: 1.6;\">I chose CSE because I love to code and solve competitive problems. We can make anything on computers in this course. I wish that in this course students should have the freedom to learn the language whichever they like. There should be time to time contests for every student. Scholarships are offered based on 12th marks for 1st year. If students get above 8 CGPA, they will get the same scholarship for the next year, etc. The campus is good. Many parks and photoshoot areas are available. Extra activities are conducted from time to time by seniors. There are many clubs for games, coding, dancing, etc. Events, fests and other functions are conducted from time to time.</span></p>', '00408500_1669626438.jpg', 'publish', '2022-11-28', 'admin', '4'),
(9, 'Stunning Views of Hanoi from the Top of Hanoi Restaurant', 'hanoi', '<span style=\"color: rgb(0, 0, 0); font-family: lato, lato, &quot;helvetica neue&quot;, helvetica, arial, sans-serif; font-size: 16px;\">I am a big fan of clicking sunsets and city lights. Getting up to a high point does wonders for capturing them. Sometimes, I gain this height by painfully walking up a hill. But it is luxury when you can take a elevator to click the panoramic views of a city. I got that luxury when I went up to the&nbsp;</span><a href=\"https://www.lottehotel.com/hanoi-hotel/en/dining/restaurant-top-of-hanoi.html\" target=\"_blank\" rel=\"noopener\" title=\"\" style=\"box-sizing: inherit; color: rgb(0, 0, 0); text-decoration-line: underline; transition: all 0.1s linear 0s; font-family: lato, lato, &quot;helvetica neue&quot;, helvetica, arial, sans-serif; font-size: 16px; background-color: rgb(255, 255, 255);\">Top of Hanoi Restaurant at the Lotte Hotel in Hanoi</a><span style=\"color: rgb(0, 0, 0); font-family: lato, lato, &quot;helvetica neue&quot;, helvetica, arial, sans-serif; font-size: 16px;\">! All the credit for taking us to this beautiful spot went to our guide&nbsp;</span><a href=\"https://www.facebook.com/hoan.hdv\" target=\"_blank\" rel=\"noopener\" title=\"\" style=\"box-sizing: inherit; color: rgb(0, 0, 0); text-decoration-line: underline; transition: all 0.1s linear 0s; font-family: lato, lato, &quot;helvetica neue&quot;, helvetica, arial, sans-serif; font-size: 16px; background-color: rgb(255, 255, 255);\">Hoan Lala.</a><div><br></div><div><figure class=\"wp-block-image size-full\" style=\"box-sizing: inherit; margin-top: 1em; margin-bottom: 1em; color: rgb(0, 0, 0); font-family: lato, lato, &quot;helvetica neue&quot;, helvetica, arial, sans-serif; font-size: 16px;\"><figcaption style=\"box-sizing: inherit; margin-top: 0.5em; margin-bottom: 1em;\">An Evening in Hanoi, Vietnam</figcaption></figure><p style=\"box-sizing: inherit; margin-bottom: 1.5em; color: rgb(0, 0, 0); font-family: lato, lato, &quot;helvetica neue&quot;, helvetica, arial, sans-serif; font-size: 16px;\">The rooftop restaurant offers a 360 degree view of the city and for quite some time I kept running from one corner to another! I also love that time when city lights are on and yet the sky has colors too!</p><div><br></div></div>', '82128200_1669626789.jpg', 'publish', '2022-11-28', 'admin', '4');

-- --------------------------------------------------------

--
-- Table structure for table `blog_categories`
--

CREATE TABLE `blog_categories` (
  `id` int(10) UNSIGNED NOT NULL,
  `name` varchar(40) NOT NULL
) ENGINE=InnoDB DEFAULT CHARSET=utf8;

--
-- Dumping data for table `blog_categories`
--

INSERT INTO `blog_categories` (`id`, `name`) VALUES
(1, 'tricks'),
(2, 'hacks'),
(3, 'offers'),
(4, 'promotion'),
(5, 'devices'),
(6, 'entertainment');

-- --------------------------------------------------------

--
-- Table structure for table `editors_choice`
--

CREATE TABLE `editors_choice` (
  `id` int(10) UNSIGNED NOT NULL,
  `blog` int(10) UNSIGNED NOT NULL
) ENGINE=InnoDB DEFAULT CHARSET=utf8;

--
-- Dumping data for table `editors_choice`
--

INSERT INTO `editors_choice` (`id`, `blog`) VALUES
(2, 3),
(1, 4),
(3, 8);

-- --------------------------------------------------------

--
-- Table structure for table `links`
--

CREATE TABLE `links` (
  `id` int(10) UNSIGNED NOT NULL,
  `facebook` varchar(40) DEFAULT NULL,
  `twitter` varchar(40) DEFAULT NULL,
  `googleplus` varchar(40) DEFAULT NULL,
  `pinterest` varchar(40) DEFAULT NULL,
  `dribble` varchar(40) DEFAULT NULL,
  `comments_script` text DEFAULT NULL,
  `sharing_script` text DEFAULT NULL,
  `javascript` text DEFAULT NULL
) ENGINE=InnoDB DEFAULT CHARSET=utf8;

--
-- Dumping data for table `links`
--

INSERT INTO `links` (`id`, `facebook`, `twitter`, `googleplus`, `pinterest`, `dribble`, `comments_script`, `sharing_script`, `javascript`) VALUES
(1, 'http://www.facebook.com', 'http://www.twitter.com', 'http://www.plus.google.com', 'http://www.pinterest.com', 'http://www.dribble.com', '<div class=\"fb-comments container\" data-href=\"http://www.uoecu.org/newsview.php?id=<?php echo $row[\'id\'];?>\" data-numposts=\"20\" width=\"100%\"></div>', '<div class=\"addthis_sharing_toolbox\"></div>', '<script>(function(d, s, id) {\r\n		var js, fjs = d.getElementsByTagName(s)[0];\r\n		if (d.getElementById(id)) return;\r\n		js = d.createElement(s); js.id = id;\r\n		js.src = \'https://connect.facebook.net/en_US/sdk.js#xfbml=1&version=v2.11&appId=298807240601869\';\r\n		fjs.parentNode.insertBefore(js, fjs);\r\n	}(document, \'script\', \'facebook-jssdk\'));</script>\r\n<script type=\"text/javascript\" src=\"//s7.addthis.com/js/300/addthis_widget.js#pubid=ra-57587edcb1479678\"></script>');

-- --------------------------------------------------------

--
-- Table structure for table `membership_grouppermissions`
--

CREATE TABLE `membership_grouppermissions` (
  `permissionID` int(10) UNSIGNED NOT NULL,
  `groupID` int(11) DEFAULT NULL,
  `tableName` varchar(100) DEFAULT NULL,
  `allowInsert` tinyint(4) DEFAULT NULL,
  `allowView` tinyint(4) NOT NULL DEFAULT 0,
  `allowEdit` tinyint(4) NOT NULL DEFAULT 0,
  `allowDelete` tinyint(4) NOT NULL DEFAULT 0
) ENGINE=InnoDB DEFAULT CHARSET=utf8;

--
-- Dumping data for table `membership_grouppermissions`
--

INSERT INTO `membership_grouppermissions` (`permissionID`, `groupID`, `tableName`, `allowInsert`, `allowView`, `allowEdit`, `allowDelete`) VALUES
(1, 2, 'titles', 1, 3, 3, 3),
(2, 2, 'links', 1, 3, 3, 3),
(3, 2, 'blog_categories', 1, 3, 3, 3),
(4, 2, 'blogs', 1, 3, 3, 3),
(5, 2, 'banner_posts', 1, 3, 3, 3),
(6, 2, 'editors_choice', 1, 3, 3, 3),
(32, 3, 'titles', 0, 0, 0, 0),
(33, 3, 'links', 0, 0, 0, 0),
(34, 3, 'blog_categories', 0, 3, 0, 0),
(35, 3, 'blogs', 1, 1, 1, 1),
(36, 3, 'editors_choice', 0, 0, 0, 0);

-- --------------------------------------------------------

--
-- Table structure for table `membership_groups`
--

CREATE TABLE `membership_groups` (
  `groupID` int(10) UNSIGNED NOT NULL,
  `name` varchar(20) DEFAULT NULL,
  `description` text DEFAULT NULL,
  `allowSignup` tinyint(4) DEFAULT NULL,
  `needsApproval` tinyint(4) DEFAULT NULL
) ENGINE=InnoDB DEFAULT CHARSET=utf8;

--
-- Dumping data for table `membership_groups`
--

INSERT INTO `membership_groups` (`groupID`, `name`, `description`, `allowSignup`, `needsApproval`) VALUES
(1, 'anonymous', 'Anonymous group created automatically on 2018-04-26', 0, 0),
(2, 'Admins', 'Admin group created automatically on 2018-04-26', 0, 1),
(3, 'authors', 'contains all the guest authors', 1, 0);

-- --------------------------------------------------------

--
-- Table structure for table `membership_userpermissions`
--

CREATE TABLE `membership_userpermissions` (
  `permissionID` int(10) UNSIGNED NOT NULL,
  `memberID` varchar(20) NOT NULL,
  `tableName` varchar(100) DEFAULT NULL,
  `allowInsert` tinyint(4) DEFAULT NULL,
  `allowView` tinyint(4) NOT NULL DEFAULT 0,
  `allowEdit` tinyint(4) NOT NULL DEFAULT 0,
  `allowDelete` tinyint(4) NOT NULL DEFAULT 0
) ENGINE=InnoDB DEFAULT CHARSET=utf8;

-- --------------------------------------------------------

--
-- Table structure for table `membership_userrecords`
--

CREATE TABLE `membership_userrecords` (
  `recID` bigint(20) UNSIGNED NOT NULL,
  `tableName` varchar(100) DEFAULT NULL,
  `pkValue` varchar(255) DEFAULT NULL,
  `memberID` varchar(20) DEFAULT NULL,
  `dateAdded` bigint(20) UNSIGNED DEFAULT NULL,
  `dateUpdated` bigint(20) UNSIGNED DEFAULT NULL,
  `groupID` int(11) DEFAULT NULL
) ENGINE=InnoDB DEFAULT CHARSET=utf8;

--
-- Dumping data for table `membership_userrecords`
--

INSERT INTO `membership_userrecords` (`recID`, `tableName`, `pkValue`, `memberID`, `dateAdded`, `dateUpdated`, `groupID`) VALUES
(1, 'titles', '1', 'admin', 1524766759, 1669292006, 2),
(2, 'links', '1', 'admin', 1524766827, 1524878963, 2),
(3, 'blog_categories', '1', 'admin', 1524773915, 1524773915, 2),
(4, 'blog_categories', '2', 'admin', 1524773923, 1524773923, 2),
(5, 'blog_categories', '3', 'admin', 1524773931, 1524773931, 2),
(6, 'blog_categories', '4', 'admin', 1524773941, 1524773941, 2),
(7, 'blog_categories', '5', 'admin', 1524773974, 1524773974, 2),
(9, 'banner_posts', '1', 'admin', 1524779492, 1524779492, 2),
(13, 'editors_choice', '1', 'admin', 1524799889, 1524799889, 2),
(14, 'editors_choice', '2', 'admin', 1524799903, 1524799903, 2),
(17, 'blog_categories', '6', 'etemesi', 1524858044, 1524858044, 3),
(18, 'blogs', '7', 'admin', 1669625988, 1669626287, 2),
(19, 'blogs', '8', 'admin', 1669626438, 1669626438, 2),
(20, 'blogs', '9', 'admin', 1669626789, 1669626789, 2),
(21, 'editors_choice', '3', 'admin', 1669626835, 1669626835, 2);

-- --------------------------------------------------------

--
-- Table structure for table `membership_users`
--

CREATE TABLE `membership_users` (
  `memberID` varchar(20) NOT NULL,
  `passMD5` varchar(40) DEFAULT NULL,
  `email` varchar(100) DEFAULT NULL,
  `signupDate` date DEFAULT NULL,
  `groupID` int(10) UNSIGNED DEFAULT NULL,
  `isBanned` tinyint(4) DEFAULT NULL,
  `isApproved` tinyint(4) DEFAULT NULL,
  `custom1` text DEFAULT NULL,
  `custom2` text DEFAULT NULL,
  `custom3` text DEFAULT NULL,
  `custom4` text DEFAULT NULL,
  `comments` text DEFAULT NULL,
  `pass_reset_key` varchar(100) DEFAULT NULL,
  `pass_reset_expiry` int(10) UNSIGNED DEFAULT NULL
) ENGINE=InnoDB DEFAULT CHARSET=utf8;

--
-- Dumping data for table `membership_users`
--

INSERT INTO `membership_users` (`memberID`, `passMD5`, `email`, `signupDate`, `groupID`, `isBanned`, `isApproved`, `custom1`, `custom2`, `custom3`, `custom4`, `comments`, `pass_reset_key`, `pass_reset_expiry`) VALUES
('abcd', 'e80b5017098950fc58aad83c8c14978e', 'abc@gmail.com', '2022-11-28', 3, 0, 1, 'abcd', 'abcd', 'Mathura', '9999999999', 'member signed up through the registration form.', NULL, NULL),
('admin', '21232f297a57a5a743894a0e4a801fc3', 'ronniengoda@gmail.com', '2018-04-26', 2, 0, 1, NULL, NULL, NULL, NULL, 'Admin member created automatically on 2018-04-26\nRecord updated automatically on 2018-04-27', NULL, NULL),
('etemesi', '827ccb0eea8a706c4c34a16891f84e7b', 'etemesi@gmail.com', '2018-04-27', 3, 0, 1, 'philiiip etemesi', 'nairobi,kenya', 'nairobi', 'kenya', 'member signed up through the registration form.', NULL, NULL),
('guest', NULL, NULL, '2018-04-26', 1, 0, 1, NULL, NULL, NULL, NULL, 'Anonymous member created automatically on 2018-04-26', NULL, NULL);

-- --------------------------------------------------------

--
-- Table structure for table `page_hits`
--

CREATE TABLE `page_hits` (
  `page` varchar(255) NOT NULL,
  `count` int(11) DEFAULT NULL
) ENGINE=InnoDB DEFAULT CHARSET=latin1;

--
-- Dumping data for table `page_hits`
--

INSERT INTO `page_hits` (`page`, `count`) VALUES
('Benefits of livig in this world', 6),
('Information Security: Is it a good career for you?', 16);

-- --------------------------------------------------------

--
-- Table structure for table `titles`
--

CREATE TABLE `titles` (
  `id` int(10) UNSIGNED NOT NULL,
  `website_name` varchar(40) DEFAULT NULL,
  `tagline` varchar(40) DEFAULT NULL,
  `icon` varchar(40) DEFAULT NULL,
  `keywords` varchar(220) DEFAULT NULL,
  `short_description` varchar(200) DEFAULT NULL,
  `bannertext1` varchar(150) DEFAULT NULL,
  `bannertext2` varchar(150) DEFAULT NULL,
  `bannertext3` varchar(150) DEFAULT NULL,
  `bannertext4` varchar(150) DEFAULT NULL,
  `detailed_description` text DEFAULT NULL,
  `address` varchar(40) DEFAULT NULL,
  `email` varchar(80) DEFAULT NULL,
  `phone` varchar(40) DEFAULT NULL,
  `googlemap` varchar(255) DEFAULT NULL
) ENGINE=InnoDB DEFAULT CHARSET=utf8;

--
-- Dumping data for table `titles`
--

INSERT INTO `titles` (`id`, `website_name`, `tagline`, `icon`, `keywords`, `short_description`, `bannertext1`, `bannertext2`, `bannertext3`, `bannertext4`, `detailed_description`, `address`, `email`, `phone`, `googlemap`) VALUES
(1, 'YOUR BLogs', 'Your Stories Your Blogs', '81545600_1669292000.png', 'blog,tech blog,tricks,hacks,technology news,fantastic blog', 'This is a blog and content management system,You can easily setup your blog and customize it according to your needs.This is a short description of your blog.You can change this', 'Your Stories <span>Your Blogs</span>', 'Engaging Purposeful <span>and Creative</span>', 'Create the lifestyle <span>you desire</span>', 'Never Stop <span>Exploring</span>', 'This is a blog and content management system,You can easily setup your blog and customize it according to your needs.It is easy to use and manage.Multiple users can signup and be able contribute content.Lorem ipsum dolor sit amet, consectetur adipisicing elit, sed do eiusmodtempor incididunt ut labore et dolore magna aliqua. Ut enim ad minim veniam,quis nostrud exercitation ullamco laboris nisi ut aliquip ex ea commodoconsequat. Duis aute irure dolor in reprehenderit in voluptate velit essecillum dolore eu fugiat nulla pariatur. Excepteur sint occaecat cupidatat nonproident, sunt in culpa qui officia deserunt mollit anim id est laborum.', 'Gla university', 'YOUR_BLogs@gmail.com', '7417497660', 'https://www.google.com/maps/embed?pb=!1m18!1m12!1m3!1d3535.607577800824!2d77.5911358148517!3d27.60569343655923!2m3!1f0!2f0!3f0!3m2!1i1024!2i768!4f13.1!3m3!1m2!1s0x39736ce47bffc039%3A0xfe5fc3da92c6341!2sGLA%20University!5e0!3m2!1sen!2sin!4v1669291948529!5m');

-- --------------------------------------------------------

--
-- Table structure for table `visitor_info`
--

CREATE TABLE `visitor_info` (
  `id` int(11) NOT NULL,
  `ip_address` varchar(255) DEFAULT NULL,
  `user_agent` varchar(255) DEFAULT NULL,
  `time_accessed` timestamp NOT NULL DEFAULT current_timestamp()
) ENGINE=InnoDB DEFAULT CHARSET=latin1;

--
-- Dumping data for table `visitor_info`
--

INSERT INTO `visitor_info` (`id`, `ip_address`, `user_agent`, `time_accessed`) VALUES
(1, '::1', 'Mozilla/5.0 (Windows NT 10.0; Win64; x64) AppleWebKit/537.36 (KHTML, like Gecko) Chrome/66.0.3359.117 Safari/537.36', '2018-04-27 16:26:52'),
(2, '::1', 'Mozilla/5.0 (Windows NT 10.0; Win64; x64) AppleWebKit/537.36 (KHTML, like Gecko) Chrome/66.0.3359.117 Safari/537.36', '2018-04-27 16:27:01'),
(3, '::1', 'Mozilla/5.0 (Windows NT 10.0; Win64; x64) AppleWebKit/537.36 (KHTML, like Gecko) Chrome/66.0.3359.117 Safari/537.36', '2018-04-27 16:27:40'),
(4, '::1', 'Mozilla/5.0 (Windows NT 10.0; Win64; x64) AppleWebKit/537.36 (KHTML, like Gecko) Chrome/66.0.3359.117 Safari/537.36', '2018-04-27 16:27:55'),
(5, '::1', 'Mozilla/5.0 (Windows NT 10.0; Win64; x64) AppleWebKit/537.36 (KHTML, like Gecko) Chrome/66.0.3359.117 Safari/537.36', '2018-04-27 16:28:01'),
(6, '::1', 'Mozilla/5.0 (Windows NT 10.0; Win64; x64) AppleWebKit/537.36 (KHTML, like Gecko) Chrome/66.0.3359.117 Safari/537.36', '2018-04-27 16:28:12'),
(7, '::1', 'Mozilla/5.0 (Windows NT 10.0; Win64; x64) AppleWebKit/537.36 (KHTML, like Gecko) Chrome/66.0.3359.117 Safari/537.36', '2018-04-27 16:28:19'),
(8, '::1', 'Mozilla/5.0 (Windows NT 10.0; Win64; x64) AppleWebKit/537.36 (KHTML, like Gecko) Chrome/66.0.3359.117 Safari/537.36', '2018-04-27 16:28:22'),
(9, '::1', 'Mozilla/5.0 (Windows NT 10.0; Win64; x64) AppleWebKit/537.36 (KHTML, like Gecko) Chrome/66.0.3359.117 Safari/537.36', '2018-04-27 16:28:29'),
(10, '::1', 'Mozilla/5.0 (Windows NT 10.0; Win64; x64) AppleWebKit/537.36 (KHTML, like Gecko) Chrome/66.0.3359.117 Safari/537.36', '2018-04-27 16:28:32'),
(11, '::1', 'Mozilla/5.0 (Windows NT 10.0; Win64; x64) AppleWebKit/537.36 (KHTML, like Gecko) Chrome/66.0.3359.117 Safari/537.36', '2018-04-27 16:28:35'),
(12, '::1', 'Mozilla/5.0 (Windows NT 10.0; Win64; x64) AppleWebKit/537.36 (KHTML, like Gecko) Chrome/66.0.3359.117 Safari/537.36', '2018-04-27 16:28:38'),
(13, '::1', 'Mozilla/5.0 (Windows NT 10.0; Win64; x64) AppleWebKit/537.36 (KHTML, like Gecko) Chrome/66.0.3359.117 Safari/537.36', '2018-04-27 16:29:05'),
(14, '::1', 'Mozilla/5.0 (Windows NT 10.0; Win64; x64) AppleWebKit/537.36 (KHTML, like Gecko) Chrome/66.0.3359.117 Safari/537.36', '2018-04-27 16:29:09'),
(15, '::1', 'Mozilla/5.0 (Windows NT 10.0; Win64; x64) AppleWebKit/537.36 (KHTML, like Gecko) Chrome/66.0.3359.117 Safari/537.36', '2018-04-27 16:29:18'),
(16, '::1', 'Mozilla/5.0 (Windows NT 10.0; Win64; x64) AppleWebKit/537.36 (KHTML, like Gecko) Chrome/66.0.3359.117 Safari/537.36', '2018-04-27 16:29:25'),
(17, '::1', 'Mozilla/5.0 (Windows NT 10.0; Win64; x64) AppleWebKit/537.36 (KHTML, like Gecko) Chrome/66.0.3359.117 Safari/537.36', '2018-04-27 16:29:28'),
(18, '::1', 'Mozilla/5.0 (Windows NT 10.0; Win64; x64) AppleWebKit/537.36 (KHTML, like Gecko) Chrome/66.0.3359.117 Safari/537.36', '2018-04-27 16:29:51'),
(19, '::1', 'Mozilla/5.0 (Windows NT 10.0; Win64; x64) AppleWebKit/537.36 (KHTML, like Gecko) Chrome/66.0.3359.117 Safari/537.36', '2018-04-27 16:29:57'),
(20, '::1', 'Mozilla/5.0 (Windows NT 10.0; Win64; x64) AppleWebKit/537.36 (KHTML, like Gecko) Chrome/66.0.3359.117 Safari/537.36', '2018-04-27 16:30:00'),
(21, '::1', 'Mozilla/5.0 (Windows NT 10.0; Win64; x64) AppleWebKit/537.36 (KHTML, like Gecko) Chrome/66.0.3359.117 Safari/537.36', '2018-04-27 16:30:07'),
(22, '::1', 'Mozilla/5.0 (Windows NT 10.0; Win64; x64) AppleWebKit/537.36 (KHTML, like Gecko) Chrome/66.0.3359.117 Safari/537.36', '2018-04-27 16:30:15'),
(23, '::1', 'Mozilla/5.0 (Windows NT 10.0; Win64; x64) AppleWebKit/537.36 (KHTML, like Gecko) Chrome/66.0.3359.117 Safari/537.36', '2018-04-27 16:39:41'),
(24, '::1', 'Mozilla/5.0 (Windows NT 10.0; Win64; x64) AppleWebKit/537.36 (KHTML, like Gecko) Chrome/66.0.3359.117 Safari/537.36', '2018-04-27 16:40:41'),
(25, '::1', 'Mozilla/5.0 (Windows NT 10.0; Win64; x64) AppleWebKit/537.36 (KHTML, like Gecko) Chrome/66.0.3359.117 Safari/537.36', '2018-04-27 16:41:27'),
(26, '::1', 'Mozilla/5.0 (Windows NT 10.0; Win64; x64) AppleWebKit/537.36 (KHTML, like Gecko) Chrome/66.0.3359.117 Safari/537.36', '2018-04-27 17:26:10'),
(27, '::1', 'Mozilla/5.0 (Windows NT 10.0; Win64; x64) AppleWebKit/537.36 (KHTML, like Gecko) Chrome/66.0.3359.117 Safari/537.36', '2018-04-27 17:27:34'),
(28, '::1', 'Mozilla/5.0 (Windows NT 10.0; Win64; x64) AppleWebKit/537.36 (KHTML, like Gecko) Chrome/66.0.3359.117 Safari/537.36', '2018-04-27 17:28:20'),
(29, '::1', 'Mozilla/5.0 (Windows NT 10.0; Win64; x64) AppleWebKit/537.36 (KHTML, like Gecko) Chrome/66.0.3359.117 Safari/537.36', '2018-04-27 17:28:42'),
(30, '::1', 'Mozilla/5.0 (Windows NT 10.0; Win64; x64) AppleWebKit/537.36 (KHTML, like Gecko) Chrome/66.0.3359.117 Safari/537.36', '2018-04-27 17:30:26'),
(31, '::1', 'Mozilla/5.0 (Windows NT 10.0; Win64; x64) AppleWebKit/537.36 (KHTML, like Gecko) Chrome/66.0.3359.117 Safari/537.36', '2018-04-27 17:30:38'),
(32, '::1', 'Mozilla/5.0 (Windows NT 10.0; Win64; x64) AppleWebKit/537.36 (KHTML, like Gecko) Chrome/66.0.3359.117 Safari/537.36', '2018-04-27 17:30:41'),
(33, '::1', 'Mozilla/5.0 (Windows NT 10.0; Win64; x64) AppleWebKit/537.36 (KHTML, like Gecko) Chrome/66.0.3359.117 Safari/537.36', '2018-04-27 17:30:43'),
(34, '::1', 'Mozilla/5.0 (Windows NT 10.0; Win64; x64) AppleWebKit/537.36 (KHTML, like Gecko) Chrome/66.0.3359.117 Safari/537.36', '2018-04-27 17:30:45'),
(35, '::1', 'Mozilla/5.0 (Windows NT 10.0; Win64; x64) AppleWebKit/537.36 (KHTML, like Gecko) Chrome/66.0.3359.117 Safari/537.36', '2018-04-27 17:30:48'),
(36, '::1', 'Mozilla/5.0 (Windows NT 10.0; Win64; x64) AppleWebKit/537.36 (KHTML, like Gecko) Chrome/66.0.3359.117 Safari/537.36', '2018-04-27 17:30:51'),
(37, '::1', 'Mozilla/5.0 (Windows NT 10.0; Win64; x64) AppleWebKit/537.36 (KHTML, like Gecko) Chrome/66.0.3359.117 Safari/537.36', '2018-04-27 17:30:53'),
(38, '::1', 'Mozilla/5.0 (Windows NT 10.0; Win64; x64) AppleWebKit/537.36 (KHTML, like Gecko) Chrome/66.0.3359.117 Safari/537.36', '2018-04-27 17:30:56'),
(39, '::1', 'Mozilla/5.0 (Windows NT 10.0; Win64; x64) AppleWebKit/537.36 (KHTML, like Gecko) Chrome/66.0.3359.117 Safari/537.36', '2018-04-27 17:30:59'),
(40, '::1', 'Mozilla/5.0 (Windows NT 10.0; Win64; x64) AppleWebKit/537.36 (KHTML, like Gecko) Chrome/66.0.3359.117 Safari/537.36', '2018-04-27 17:32:02'),
(41, '::1', 'Mozilla/5.0 (Windows NT 10.0; Win64; x64) AppleWebKit/537.36 (KHTML, like Gecko) Chrome/66.0.3359.117 Safari/537.36', '2018-04-27 17:32:05'),
(42, '::1', 'Mozilla/5.0 (Windows NT 10.0; Win64; x64) AppleWebKit/537.36 (KHTML, like Gecko) Chrome/66.0.3359.117 Safari/537.36', '2018-04-27 17:32:07'),
(43, '::1', 'Mozilla/5.0 (Windows NT 10.0; Win64; x64) AppleWebKit/537.36 (KHTML, like Gecko) Chrome/66.0.3359.117 Safari/537.36', '2018-04-27 17:32:10'),
(44, '::1', 'Mozilla/5.0 (Windows NT 10.0; Win64; x64) AppleWebKit/537.36 (KHTML, like Gecko) Chrome/66.0.3359.117 Safari/537.36', '2018-04-27 19:08:04'),
(45, '::1', 'Mozilla/5.0 (Windows NT 10.0; Win64; x64) AppleWebKit/537.36 (KHTML, like Gecko) Chrome/66.0.3359.117 Safari/537.36', '2018-04-27 19:08:14'),
(46, '::1', 'Mozilla/5.0 (Windows NT 10.0; Win64; x64) AppleWebKit/537.36 (KHTML, like Gecko) Chrome/66.0.3359.117 Safari/537.36', '2018-04-27 21:43:06'),
(47, '::1', 'Mozilla/5.0 (Windows NT 10.0; Win64; x64) AppleWebKit/537.36 (KHTML, like Gecko) Chrome/66.0.3359.117 Safari/537.36', '2018-04-27 21:47:01'),
(48, '::1', 'Mozilla/5.0 (Windows NT 10.0; Win64; x64) AppleWebKit/537.36 (KHTML, like Gecko) Chrome/66.0.3359.117 Safari/537.36', '2018-04-27 21:47:08'),
(49, '::1', 'Mozilla/5.0 (Windows NT 10.0; Win64; x64) AppleWebKit/537.36 (KHTML, like Gecko) Chrome/66.0.3359.117 Safari/537.36', '2018-04-27 21:48:58'),
(50, '::1', 'Mozilla/5.0 (Windows NT 10.0; Win64; x64) AppleWebKit/537.36 (KHTML, like Gecko) Chrome/66.0.3359.117 Safari/537.36', '2018-04-27 21:49:18'),
(51, '::1', 'Mozilla/5.0 (Windows NT 10.0; Win64; x64) AppleWebKit/537.36 (KHTML, like Gecko) Chrome/66.0.3359.117 Safari/537.36', '2018-04-27 22:22:28'),
(52, '::1', 'Mozilla/5.0 (Windows NT 10.0; Win64; x64) AppleWebKit/537.36 (KHTML, like Gecko) Chrome/66.0.3359.117 Safari/537.36', '2018-04-28 01:41:41'),
(53, '::1', 'Mozilla/5.0 (Windows NT 10.0; Win64; x64) AppleWebKit/537.36 (KHTML, like Gecko) Chrome/66.0.3359.117 Safari/537.36', '2018-04-28 01:43:58'),
(54, '::1', 'Mozilla/5.0 (Windows NT 10.0; Win64; x64) AppleWebKit/537.36 (KHTML, like Gecko) Chrome/66.0.3359.117 Safari/537.36', '2018-04-28 01:46:23');

--
-- Indexes for dumped tables
--

--
-- Indexes for table `banner_posts`
--
ALTER TABLE `banner_posts`
  ADD PRIMARY KEY (`id`),
  ADD KEY `title` (`title`);

--
-- Indexes for table `blogs`
--
ALTER TABLE `blogs`
  ADD PRIMARY KEY (`id`),
  ADD KEY `category` (`category`);

--
-- Indexes for table `blog_categories`
--
ALTER TABLE `blog_categories`
  ADD PRIMARY KEY (`id`);

--
-- Indexes for table `editors_choice`
--
ALTER TABLE `editors_choice`
  ADD PRIMARY KEY (`id`),
  ADD KEY `blog` (`blog`);

--
-- Indexes for table `links`
--
ALTER TABLE `links`
  ADD PRIMARY KEY (`id`);

--
-- Indexes for table `membership_grouppermissions`
--
ALTER TABLE `membership_grouppermissions`
  ADD PRIMARY KEY (`permissionID`);

--
-- Indexes for table `membership_groups`
--
ALTER TABLE `membership_groups`
  ADD PRIMARY KEY (`groupID`);

--
-- Indexes for table `membership_userpermissions`
--
ALTER TABLE `membership_userpermissions`
  ADD PRIMARY KEY (`permissionID`);

--
-- Indexes for table `membership_userrecords`
--
ALTER TABLE `membership_userrecords`
  ADD PRIMARY KEY (`recID`),
  ADD UNIQUE KEY `tableName_pkValue` (`tableName`,`pkValue`),
  ADD KEY `pkValue` (`pkValue`),
  ADD KEY `tableName` (`tableName`),
  ADD KEY `memberID` (`memberID`),
  ADD KEY `groupID` (`groupID`);

--
-- Indexes for table `membership_users`
--
ALTER TABLE `membership_users`
  ADD PRIMARY KEY (`memberID`),
  ADD KEY `groupID` (`groupID`);

--
-- Indexes for table `page_hits`
--
ALTER TABLE `page_hits`
  ADD PRIMARY KEY (`page`);

--
-- Indexes for table `titles`
--
ALTER TABLE `titles`
  ADD PRIMARY KEY (`id`);

--
-- Indexes for table `visitor_info`
--
ALTER TABLE `visitor_info`
  ADD PRIMARY KEY (`id`);

--
-- AUTO_INCREMENT for dumped tables
--

--
-- AUTO_INCREMENT for table `banner_posts`
--
ALTER TABLE `banner_posts`
  MODIFY `id` int(10) UNSIGNED NOT NULL AUTO_INCREMENT, AUTO_INCREMENT=2;

--
-- AUTO_INCREMENT for table `blogs`
--
ALTER TABLE `blogs`
  MODIFY `id` int(10) UNSIGNED NOT NULL AUTO_INCREMENT, AUTO_INCREMENT=10;

--
-- AUTO_INCREMENT for table `blog_categories`
--
ALTER TABLE `blog_categories`
  MODIFY `id` int(10) UNSIGNED NOT NULL AUTO_INCREMENT, AUTO_INCREMENT=7;

--
-- AUTO_INCREMENT for table `editors_choice`
--
ALTER TABLE `editors_choice`
  MODIFY `id` int(10) UNSIGNED NOT NULL AUTO_INCREMENT, AUTO_INCREMENT=4;

--
-- AUTO_INCREMENT for table `links`
--
ALTER TABLE `links`
  MODIFY `id` int(10) UNSIGNED NOT NULL AUTO_INCREMENT, AUTO_INCREMENT=2;

--
-- AUTO_INCREMENT for table `membership_grouppermissions`
--
ALTER TABLE `membership_grouppermissions`
  MODIFY `permissionID` int(10) UNSIGNED NOT NULL AUTO_INCREMENT, AUTO_INCREMENT=37;

--
-- AUTO_INCREMENT for table `membership_groups`
--
ALTER TABLE `membership_groups`
  MODIFY `groupID` int(10) UNSIGNED NOT NULL AUTO_INCREMENT, AUTO_INCREMENT=4;

--
-- AUTO_INCREMENT for table `membership_userpermissions`
--
ALTER TABLE `membership_userpermissions`
  MODIFY `permissionID` int(10) UNSIGNED NOT NULL AUTO_INCREMENT;

--
-- AUTO_INCREMENT for table `membership_userrecords`
--
ALTER TABLE `membership_userrecords`
  MODIFY `recID` bigint(20) UNSIGNED NOT NULL AUTO_INCREMENT, AUTO_INCREMENT=22;

--
-- AUTO_INCREMENT for table `titles`
--
ALTER TABLE `titles`
  MODIFY `id` int(10) UNSIGNED NOT NULL AUTO_INCREMENT, AUTO_INCREMENT=2;

--
-- AUTO_INCREMENT for table `visitor_info`
--
ALTER TABLE `visitor_info`
  MODIFY `id` int(11) NOT NULL AUTO_INCREMENT, AUTO_INCREMENT=55;
COMMIT;

/*!40101 SET CHARACTER_SET_CLIENT=@OLD_CHARACTER_SET_CLIENT */;
/*!40101 SET CHARACTER_SET_RESULTS=@OLD_CHARACTER_SET_RESULTS */;
/*!40101 SET COLLATION_CONNECTION=@OLD_COLLATION_CONNECTION */;
